player_name,nic_year,pro_pos,school,top1_class,top1_prob,top2_class,top2_prob,top3_class,top3_prob,top4_class,top4_prob,top5_class,top5_prob
Armand Membou,2025,T,Missouri,PIT_Omar Khan,23.16,CIN_Mike Brown,5.28,KC_Brett Veach,4.16,CHI_Ryan Poles,2.13,SEA_John Schneider,1.88
Corey Kiner,2025,RB,Cincinnati,LA_Les Snead,22.73,SF_John Lynch,6.72,SEA_John Schneider,3.05,JAX_Trent Baalke,2.68,BUF_Brandon Beane,2.46
Marques Sigle,2025,S,Kansas State,GB_Brian Gutekunst,22.51,JAX_Trent Baalke,4.68,NYG_Joe Schoen,3.8,DAL_Jerry Jones,2.85,NO_Mickey Loomis,1.82
Zeek Biggers,2025,DT,Georgia Tech,JAX_Trent Baalke,21.93,NE_Eliot Wolf,9.15,PHI_Howie Roseman,4.33,LA_Les Snead,2.71,GB_Brian Gutekunst,2.45
Tahj Brooks,2025,RB,Texas Tech,GB_Brian Gutekunst,21.31,TB_Jason Licht,4.73,SF_John Lynch,4.34,BUF_Brandon Beane,3.11,SEA_John Schneider,1.67
R.J. Mickens,2025,S,Clemson,NYG_Joe Schoen,20.85,NO_Mickey Loomis,3.24,CLE_Andrew Berry,2.99,GB_Brian Gutekunst,2.55,CIN_Mike Brown,2.35
Jalen Royals,2025,WR,Utah State,SEA_John Schneider,19.07,GB_Brian Gutekunst,5.9,PHI_Howie Roseman,3.91,BAL_Eric DeCosta,3.28,CIN_Mike Brown,2.44
Myles Hinton,2025,T,Michigan,BAL_Eric DeCosta,17.38,LA_Les Snead,5.58,JAX_Trent Baalke,3.59,HOU_Nick Caserio,3.46,CLE_Andrew Berry,2.64
Sebastian Castro,2025,S,Iowa,LA_Les Snead,16.23,GB_Brian Gutekunst,5.88,BUF_Brandon Beane,3.69,TEN_Ran Carthon,3.47,SF_John Lynch,2.42
Antwaun Powell-Ryland,2025,ED,Virginia Tech,BUF_Brandon Beane,16.02,NE_Eliot Wolf,5.57,TB_Jason Licht,4.88,LA_Les Snead,4.05,GB_Brian Gutekunst,3.21
Devin Neal,2025,RB,Kansas,BUF_Brandon Beane,15.67,TB_Jason Licht,8.91,NE_Eliot Wolf,4.65,DET_Brad Holmes,4.38,NYG_Joe Schoen,4.29
Warren Brinson,2025,DT,Georgia,PHI_Howie Roseman,15.5,CLE_Andrew Berry,5.14,NO_Mickey Loomis,4.77,CIN_Mike Brown,3.33,GB_Brian Gutekunst,2.57
Ethan Downs,2025,ED,Oklahoma,LA_Les Snead,15.4,GB_Brian Gutekunst,3.66,NO_Mickey Loomis,3.62,ATL_Terry Fontenot,2.58,ARI_Monti Ossenfort,2.52
Raheim Sanders,2025,RB,South Carolina,NYG_Joe Schoen,15.25,TB_Jason Licht,7.51,NO_Mickey Loomis,3.81,SEA_John Schneider,2.99,GB_Brian Gutekunst,2.87
Jaylin Lane,2025,WR,Virginia Tech,NYG_Joe Schoen,13.94,IND_Chris Ballard,4.37,PHI_Howie Roseman,3.89,DAL_Jerry Jones,3.28,TB_Jason Licht,2.98
Beaux Collins,2025,WR,Notre Dame,LA_Les Snead,13.55,GB_Brian Gutekunst,3.93,JAX_Trent Baalke,3.65,NYJ_Joe Douglas,3.55,BAL_Eric DeCosta,2.59
Ozzy Trapilo,2025,T,Boston College,ARI_Monti Ossenfort,13.5,MIA_Chris Grier,4.45,BAL_Eric DeCosta,3.72,NO_Mickey Loomis,2.87,TB_Jason Licht,2.51
Robert Longerbeam,2025,CB,Rutgers,NYG_Joe Schoen,13.31,JAX_Trent Baalke,8.25,MIN_Kwesi Adofo-Mensah,4.79,ARI_Monti Ossenfort,2.41,BAL_Eric DeCosta,2.4
Will Campbell,2025,T,LSU,PIT_Omar Khan,12.71,CIN_Mike Brown,6.18,DET_Brad Holmes,4.52,CHI_Ryan Poles,2.49,GB_Brian Gutekunst,2.33
Hayden Conner,2025,G,Texas,MIN_Kwesi Adofo-Mensah,12.65,BAL_Eric DeCosta,12.43,HOU_Nick Caserio,3.02,NE_Eliot Wolf,2.68,GB_Brian Gutekunst,2.29
Jaydon Blue,2025,RB,Texas,TB_Jason Licht,12.34,SF_John Lynch,8.86,GB_Brian Gutekunst,8.18,SEA_John Schneider,3.87,LA_Les Snead,2.96
Cobee Bryant,2025,CB,Kansas,SEA_John Schneider,12.07,CAR_Scott Fitterer,4.11,KC_Brett Veach,3.74,BAL_Eric DeCosta,3.25,TB_Jason Licht,2.81
James Burnip,2025,P,Alabama,CHI_Ryan Poles,11.83,SF_John Lynch,6.35,BAL_Eric DeCosta,3.81,DAL_Jerry Jones,2.33,MIA_Chris Grier,2.08
Shemar Stewart,2025,ED,Texas A&M,JAX_Trent Baalke,11.8,PHI_Howie Roseman,8.39,IND_Chris Ballard,8.03,BUF_Brandon Beane,3.66,NYJ_Joe Douglas,3.12
Bryson Nesbit,2025,TE,North Carolina,SF_John Lynch,11.8,CAR_Scott Fitterer,5.22,BUF_Brandon Beane,4.22,TEN_Ran Carthon,3.04,ATL_Terry Fontenot,2.52
Chris Paul Jr.,2025,LB,Ole Miss,GB_Brian Gutekunst,11.77,BUF_Brandon Beane,5.83,CLE_Andrew Berry,3.74,NO_Mickey Loomis,3.27,ATL_Terry Fontenot,2.87
Shemar Turner,2025,DT,Texas A&M,ATL_Terry Fontenot,11.74,CLE_Andrew Berry,6.52,HOU_Nick Caserio,3.67,KC_Brett Veach,2.7,GB_Brian Gutekunst,2.4
Tate Ratledge,2025,G,Georgia,PIT_Omar Khan,11.72,KC_Brett Veach,6.34,DET_Brad Holmes,5.43,GB_Brian Gutekunst,3.87,TB_Jason Licht,3.66
Collin Oliver,2025,ED,Oklahoma State,BUF_Brandon Beane,11.55,GB_Brian Gutekunst,3.37,CLE_Andrew Berry,3.1,NO_Mickey Loomis,3.05,ATL_Terry Fontenot,3.01
DJ Giddens,2025,RB,Kansas State,GB_Brian Gutekunst,11.44,IND_Chris Ballard,3.6,SF_John Lynch,3.15,MIA_Chris Grier,2.81,TB_Jason Licht,2.69
Darien Porter,2025,CB,Iowa State,IND_Chris Ballard,11.43,PHI_Howie Roseman,9.25,CIN_Mike Brown,3.26,KC_Brett Veach,2.57,JAX_Trent Baalke,2.24
Seth McLaughlin,2025,C,Ohio State,GB_Brian Gutekunst,11.38,BAL_Eric DeCosta,3.83,TB_Jason Licht,3.21,CLE_Andrew Berry,3.12,SF_John Lynch,2.15
Nick Emmanwori,2025,S,South Carolina,KC_Brett Veach,11.2,IND_Chris Ballard,7.49,MIA_Chris Grier,3.38,PHI_Howie Roseman,3.19,BAL_Eric DeCosta,2.79
Karene Reid,2025,LB,Utah,JAX_Trent Baalke,11.09,SF_John Lynch,5.06,MIN_Kwesi Adofo-Mensah,4.73,BAL_Eric DeCosta,4.7,ATL_Terry Fontenot,3.9
Connor Colby,2025,G,Iowa,PHI_Howie Roseman,11.03,GB_Brian Gutekunst,6.99,LA_Les Snead,4.44,BAL_Eric DeCosta,4.38,SF_John Lynch,2.5
Jaxson Dart,2025,QB,Ole Miss,DEN_George Paton,10.94,GB_Brian Gutekunst,4.71,HOU_Nick Caserio,3.89,ATL_Terry Fontenot,2.75,CAR_Scott Fitterer,2.46
Theo Wease Jr.,2025,WR,Missouri,SF_John Lynch,10.89,BUF_Brandon Beane,6.53,LA_Les Snead,3.39,GB_Brian Gutekunst,3.23,CAR_Scott Fitterer,3.08
Daniel Jackson,2025,WR,Minnesota,LA_Les Snead,10.82,MIN_Kwesi Adofo-Mensah,6.55,SF_John Lynch,5.23,ATL_Terry Fontenot,3.04,CAR_Scott Fitterer,3.02
Jake Briningstool,2025,TE,Clemson,TEN_Ran Carthon,10.71,ATL_Terry Fontenot,4.21,GB_Brian Gutekunst,3.29,TB_Jason Licht,3.14,MIA_Chris Grier,2.49
Ricky White III,2025,WR,UNLV,BUF_Brandon Beane,10.64,SF_John Lynch,3.25,BAL_Eric DeCosta,3.25,DAL_Jerry Jones,3.15,TB_Jason Licht,3.03
James Pearce Jr.,2025,ED,Tennessee,DEN_George Paton,10.4,PIT_Omar Khan,4.31,CAR_Scott Fitterer,3.62,GB_Brian Gutekunst,3.46,CHI_Ryan Poles,2.79
Malachi Moore,2025,S,Alabama,GB_Brian Gutekunst,10.21,SF_John Lynch,7.96,TB_Jason Licht,3.16,LA_Les Snead,2.9,MIN_Kwesi Adofo-Mensah,2.82
Robbie Ouzts,2025,TE,Alabama,LA_Les Snead,10.19,GB_Brian Gutekunst,4.17,NO_Mickey Loomis,3.3,ARI_Monti Ossenfort,3.29,ATL_Terry Fontenot,2.76
CJ Dippre,2025,TE,Alabama,GB_Brian Gutekunst,10.09,PHI_Howie Roseman,5.81,BUF_Brandon Beane,4.07,DET_Brad Holmes,2.82,IND_Chris Ballard,2.76
Ty Hamilton,2025,DT,Ohio State,CLE_Andrew Berry,10.05,GB_Brian Gutekunst,6.15,TEN_Ran Carthon,2.44,KC_Brett Veach,2.32,SF_John Lynch,2.25
Jordan James,2025,RB,Oregon,GB_Brian Gutekunst,9.9,LA_Les Snead,7.92,TB_Jason Licht,3.64,CLE_Andrew Berry,2.72,DET_Brad Holmes,2.44
Luke Lachey,2025,TE,Iowa,BAL_Eric DeCosta,9.85,GB_Brian Gutekunst,4.04,JAX_Trent Baalke,2.85,MIA_Chris Grier,2.63,SF_John Lynch,2.56
Arian Smith,2025,WR,Georgia,NYG_Joe Schoen,9.82,JAX_Trent Baalke,4.41,PHI_Howie Roseman,3.11,GB_Brian Gutekunst,2.41,CIN_Mike Brown,2.34
Damien Martinez,2025,RB,Miami (FL),GB_Brian Gutekunst,9.81,TB_Jason Licht,5.89,DET_Brad Holmes,5.12,NYJ_Joe Douglas,5.12,SEA_John Schneider,2.82
CJ West,2025,DT,Indiana,GB_Brian Gutekunst,9.7,SEA_John Schneider,9.32,PHI_Howie Roseman,6.79,BUF_Brandon Beane,3.91,TB_Jason Licht,2.58
Jaylen Reed,2025,S,Penn State,NO_Mickey Loomis,9.68,JAX_Trent Baalke,7.78,SEA_John Schneider,4.21,SF_John Lynch,3.36,CLE_Andrew Berry,2.54
Tory Horton,2025,WR,Colorado State,TB_Jason Licht,9.63,PHI_Howie Roseman,3.76,DEN_George Paton,3.51,SEA_John Schneider,3.22,NO_Mickey Loomis,3.08
Ulysses Bentley IV,2025,RB,Ole Miss,LA_Les Snead,9.6,JAX_Trent Baalke,7.38,BUF_Brandon Beane,3.02,CLE_Andrew Berry,2.54,SF_John Lynch,2.45
Power Echols,2025,LB,North Carolina,LA_Les Snead,9.53,SF_John Lynch,5.28,BUF_Brandon Beane,4.84,CAR_Scott Fitterer,3.31,NYG_Joe Schoen,3.3
Jalen Travis,2025,T,Iowa State,JAX_Trent Baalke,9.48,PHI_Howie Roseman,5.02,ARI_Monti Ossenfort,4.14,BUF_Brandon Beane,3.91,CIN_Mike Brown,3.37
Brashard Smith,2025,RB,SMU,TB_Jason Licht,9.47,GB_Brian Gutekunst,8.76,LA_Les Snead,4.13,NO_Mickey Loomis,3.17,BUF_Brandon Beane,3.06
Jalen Rivers,2025,T,Miami (FL),ARI_Monti Ossenfort,9.41,KC_Brett Veach,3.59,SF_John Lynch,3.12,LAC_Joe Hortiz,3.03,JAX_Trent Baalke,2.91
Terrance Ferguson,2025,TE,Oregon,BUF_Brandon Beane,9.32,IND_Chris Ballard,3.95,NE_Eliot Wolf,3.77,TB_Jason Licht,3.4,GB_Brian Gutekunst,3.23
Konata Mumpfield,2025,WR,Pittsburgh,BUF_Brandon Beane,9.31,DET_Brad Holmes,5.42,MIN_Kwesi Adofo-Mensah,4.81,JAX_Trent Baalke,4.52,LA_Les Snead,2.92
Marcus Tate,2025,G,Clemson,MIN_Kwesi Adofo-Mensah,9.16,BAL_Eric DeCosta,6.69,GB_Brian Gutekunst,4.66,CLE_Andrew Berry,4.61,JAX_Trent Baalke,3.8
Elijah Arroyo,2025,TE,Miami (FL),NYJ_Joe Douglas,9.14,DAL_Jerry Jones,3.17,IND_Chris Ballard,3.09,CAR_Scott Fitterer,3.08,TB_Jason Licht,2.9
Oronde Gadsden II,2025,TE,Syracuse,TB_Jason Licht,9.13,DEN_George Paton,6.13,NYJ_Joe Douglas,3.84,NO_Mickey Loomis,3.59,DAL_Jerry Jones,3.56
Carson Vinson,2025,T,Alabama A&M,PHI_Howie Roseman,9.11,MIA_Chris Grier,7.93,JAX_Trent Baalke,5.92,NO_Mickey Loomis,3.13,GB_Brian Gutekunst,2.63
Bhayshul Tuten,2025,RB,Virginia Tech,IND_Chris Ballard,9.01,GB_Brian Gutekunst,6.53,ARI_Monti Ossenfort,3.69,NYG_Joe Schoen,3.5,CIN_Mike Brown,2.66
Jordan Burch,2025,ED,Oregon,ATL_Terry Fontenot,8.97,CLE_Andrew Berry,3.7,TB_Jason Licht,3.28,HOU_Nick Caserio,2.82,KC_Brett Veach,2.73
Drew Kendall,2025,C,Boston College,ARI_Monti Ossenfort,8.91,PHI_Howie Roseman,8.64,GB_Brian Gutekunst,6.88,SF_John Lynch,3.05,NO_Mickey Loomis,2.16
Eli Cox,2025,C,Kentucky,PHI_Howie Roseman,8.91,LA_Les Snead,5.07,GB_Brian Gutekunst,3.83,BAL_Eric DeCosta,2.78,PIT_Omar Khan,2.56
Caleb Rogers,2025,G,Texas Tech,PHI_Howie Roseman,8.89,GB_Brian Gutekunst,6.13,PIT_Omar Khan,5.35,LA_Les Snead,4.15,JAX_Trent Baalke,2.53
Elijah Simmons,2025,DT,Tennessee,SEA_John Schneider,8.84,BUF_Brandon Beane,5.82,HOU_Nick Caserio,5.1,KC_Brett Veach,4.57,NYG_Joe Schoen,3.61
Hollin Pierce,2025,T,Rutgers,TEN_Ran Carthon,8.84,BAL_Eric DeCosta,6.33,NYJ_Joe Douglas,4.38,JAX_Trent Baalke,2.86,MIN_Kwesi Adofo-Mensah,2.8
JJ Pegues,2025,DT,Ole Miss,SEA_John Schneider,8.82,JAX_Trent Baalke,4.39,LAC_Joe Hortiz,3.71,BUF_Brandon Beane,3.55,GB_Brian Gutekunst,3.53
Jay Higgins,2025,LB,Iowa,LA_Les Snead,8.8,SF_John Lynch,7.68,SEA_John Schneider,4.82,ATL_Terry Fontenot,4.02,BUF_Brandon Beane,3.08
Joe Huber,2025,G,Wisconsin,GB_Brian Gutekunst,8.8,BAL_Eric DeCosta,6.71,LA_Les Snead,3.04,BUF_Brandon Beane,2.95,JAX_Trent Baalke,2.56
KeAndre Lambert-Smith,2025,WR,Auburn,NO_Mickey Loomis,8.75,CIN_Mike Brown,4.4,SEA_John Schneider,3.39,BAL_Eric DeCosta,3.24,GB_Brian Gutekunst,2.74
Jalin Conyers,2025,TE,Texas Tech,BUF_Brandon Beane,8.72,GB_Brian Gutekunst,4.37,IND_Chris Ballard,4.07,SEA_John Schneider,3.44,ATL_Terry Fontenot,2.38
Alfred Collins,2025,DT,Texas,TEN_Ran Carthon,8.7,CLE_Andrew Berry,3.92,KC_Brett Veach,3.75,BAL_Eric DeCosta,3.26,JAX_Trent Baalke,2.74
Jaylin Noel,2025,WR,Iowa State,IND_Chris Ballard,8.69,ARI_Monti Ossenfort,3.63,GB_Brian Gutekunst,3.37,CIN_Mike Brown,3.18,MIA_Chris Grier,2.8
Kevin Winston Jr.,2025,S,Penn State,CLE_Andrew Berry,8.66,NYJ_Joe Douglas,6.08,HOU_Nick Caserio,5.15,JAX_Trent Baalke,3.59,GB_Brian Gutekunst,2.9
Tyler Baron,2025,ED,Miami (FL),BUF_Brandon Beane,8.57,LA_Les Snead,2.96,GB_Brian Gutekunst,2.87,NO_Mickey Loomis,2.56,TB_Jason Licht,2.48
Shavon Revel Jr.,2025,CB,East Carolina,KC_Brett Veach,8.55,BAL_Eric DeCosta,6.36,PHI_Howie Roseman,5.44,DEN_George Paton,3.48,NYJ_Joe Douglas,2.75
Jacolby George,2025,WR,Miami (FL),MIN_Kwesi Adofo-Mensah,8.47,SF_John Lynch,6.99,BAL_Eric DeCosta,3.76,SEA_John Schneider,3.25,ARI_Monti Ossenfort,2.84
Ty Robinson,2025,DT,Nebraska,NO_Mickey Loomis,8.36,GB_Brian Gutekunst,8.21,BAL_Eric DeCosta,6.16,IND_Chris Ballard,3.74,LA_Les Snead,2.72
Kobe Hudson,2025,WR,UCF,BUF_Brandon Beane,8.27,KC_Brett Veach,2.71,PHI_Howie Roseman,2.57,GB_Brian Gutekunst,2.42,CLE_Andrew Berry,2.38
Kyle McCord,2025,QB,Syracuse,ATL_Terry Fontenot,8.23,MIN_Kwesi Adofo-Mensah,5.67,SF_John Lynch,5.55,CAR_Scott Fitterer,4.43,GB_Brian Gutekunst,2.75
Kain Medrano,2025,LB,UCLA,JAX_Trent Baalke,8.1,CAR_Scott Fitterer,7.98,DEN_George Paton,4.54,GB_Brian Gutekunst,4.15,IND_Chris Ballard,2.33
Joshua Farmer,2025,DT,Florida State,SEA_John Schneider,8.09,ARI_Monti Ossenfort,7.16,JAX_Trent Baalke,5.08,CIN_Mike Brown,4.63,NYJ_Joe Douglas,2.56
Miles Frazier,2025,G,LSU,NO_Mickey Loomis,8.05,ARI_Monti Ossenfort,5.83,GB_Brian Gutekunst,4.8,KC_Brett Veach,3.18,SEA_John Schneider,2.5
LaJohntay Wester,2025,WR,Colorado,JAX_Trent Baalke,8.02,LA_Les Snead,5.19,MIN_Kwesi Adofo-Mensah,4.8,DEN_George Paton,3.74,CLE_Andrew Berry,3.52
Cody Simon,2025,LB,Ohio State,PHI_Howie Roseman,8.0,NO_Mickey Loomis,7.4,GB_Brian Gutekunst,6.73,SF_John Lynch,3.71,NYJ_Joe Douglas,2.78
Riley Leonard,2025,QB,Notre Dame,GB_Brian Gutekunst,7.99,NYJ_Joe Douglas,4.63,SF_John Lynch,3.98,PHI_Howie Roseman,3.17,BAL_Eric DeCosta,2.32
Montrell Johnson Jr.,2025,RB,Florida,NO_Mickey Loomis,7.98,LA_Les Snead,7.3,JAX_Trent Baalke,4.32,MIN_Kwesi Adofo-Mensah,3.97,SF_John Lynch,3.41
Jackson Hawes,2025,TE,Georgia Tech,GB_Brian Gutekunst,7.96,BAL_Eric DeCosta,3.96,PIT_Omar Khan,2.58,KC_Brett Veach,2.4,NO_Mickey Loomis,2.38
Cam Ward,2025,QB,Miami (FL),DET_Brad Holmes,7.93,CAR_Scott Fitterer,3.78,GB_Brian Gutekunst,3.45,ATL_Terry Fontenot,3.24,PHI_Howie Roseman,2.53
Jay Toia,2025,DT,UCLA,MIN_Kwesi Adofo-Mensah,7.91,TEN_Ran Carthon,7.06,HOU_Nick Caserio,6.43,BAL_Eric DeCosta,3.76,CLE_Andrew Berry,2.5
Josh Simmons,2025,T,Ohio State,CLE_Andrew Berry,7.91,TB_Jason Licht,3.3,HOU_Nick Caserio,2.91,LAC_Joe Hortiz,2.51,BAL_Eric DeCosta,2.41
Pat Bryant,2025,WR,Illinois,GB_Brian Gutekunst,7.91,BUF_Brandon Beane,6.9,NE_Eliot Wolf,3.96,KC_Brett Veach,2.45,ARI_Monti Ossenfort,2.26
Teddye Buchanan,2025,LB,California,BUF_Brandon Beane,7.89,LA_Les Snead,7.14,IND_Chris Ballard,5.3,GB_Brian Gutekunst,4.49,PHI_Howie Roseman,3.59
Colston Loveland,2025,TE,Michigan,HOU_Nick Caserio,7.85,DEN_George Paton,6.73,BAL_Eric DeCosta,5.48,MIN_Kwesi Adofo-Mensah,3.4,NYJ_Joe Douglas,3.13
Jack Nelson,2025,T,Wisconsin,CLE_Andrew Berry,7.81,NO_Mickey Loomis,7.74,BAL_Eric DeCosta,5.83,NYJ_Joe Douglas,4.27,PHI_Howie Roseman,3.9
Brady Cook,2025,QB,Missouri,PHI_Howie Roseman,7.81,LAC_Joe Hortiz,4.81,MIA_Chris Grier,4.22,IND_Chris Ballard,3.28,GB_Brian Gutekunst,3.09
Elijah Roberts,2025,ED,SMU,CIN_Mike Brown,7.8,ATL_Terry Fontenot,7.33,SEA_John Schneider,3.96,CLE_Andrew Berry,3.57,NO_Mickey Loomis,2.77
Isaiah Bond,2025,WR,Texas,SEA_John Schneider,7.79,ARI_Monti Ossenfort,5.3,BAL_Eric DeCosta,4.92,PHI_Howie Roseman,3.59,HOU_Nick Caserio,3.3
Tyreem Powell,2025,LB,Rutgers,DEN_George Paton,7.74,HOU_Nick Caserio,4.63,JAX_Trent Baalke,3.82,LA_Les Snead,3.48,NYJ_Joe Douglas,3.36
Rylie Mills,2025,DT,Notre Dame,GB_Brian Gutekunst,7.73,TB_Jason Licht,4.67,ATL_Terry Fontenot,3.67,NYJ_Joe Douglas,3.45,BAL_Eric DeCosta,3.33
Logan Brown,2025,T,Kansas,ARI_Monti Ossenfort,7.71,GB_Brian Gutekunst,4.8,MIA_Chris Grier,4.28,BAL_Eric DeCosta,2.93,NO_Mickey Loomis,2.79
Danny Stutsman,2025,LB,Oklahoma,NO_Mickey Loomis,7.66,GB_Brian Gutekunst,6.42,SEA_John Schneider,4.77,BUF_Brandon Beane,3.91,TB_Jason Licht,3.66
Anthony Belton,2025,T,NC State,KC_Brett Veach,7.57,TEN_Ran Carthon,5.96,MIA_Chris Grier,4.62,CLE_Andrew Berry,3.37,HOU_Nick Caserio,2.92
Kaleb Johnson,2025,RB,Iowa,TB_Jason Licht,7.57,HOU_Nick Caserio,7.14,SEA_John Schneider,6.45,BUF_Brandon Beane,3.63,CAR_Scott Fitterer,2.36
Barryn Sorrell,2025,ED,Texas,PHI_Howie Roseman,7.56,ARI_Monti Ossenfort,6.48,NO_Mickey Loomis,6.26,GB_Brian Gutekunst,5.37,LA_Les Snead,4.66
Branson Taylor,2025,T,Pittsburgh,MIN_Kwesi Adofo-Mensah,7.53,BAL_Eric DeCosta,6.06,GB_Brian Gutekunst,4.1,CLE_Andrew Berry,3.84,NYJ_Joe Douglas,3.12
Luther Burden III,2025,WR,Missouri,SEA_John Schneider,7.44,BAL_Eric DeCosta,6.19,NYG_Joe Schoen,3.67,CHI_Ryan Poles,3.43,KC_Brett Veach,2.5
Kyle Kennard,2025,ED,South Carolina,ATL_Terry Fontenot,7.4,ARI_Monti Ossenfort,4.38,SEA_John Schneider,3.25,HOU_Nick Caserio,2.85,CLE_Andrew Berry,2.24
Andrew Mukuba,2025,S,Texas,SEA_John Schneider,7.4,TB_Jason Licht,5.74,HOU_Nick Caserio,4.08,GB_Brian Gutekunst,3.92,DEN_George Paton,2.7
Marcus Yarns,2025,RB,Delaware,TB_Jason Licht,7.38,NYG_Joe Schoen,4.24,DAL_Jerry Jones,4.09,BUF_Brandon Beane,2.72,CIN_Mike Brown,2.64
Max Brosmer,2025,QB,Minnesota,MIN_Kwesi Adofo-Mensah,7.37,LA_Les Snead,4.17,SF_John Lynch,3.7,ATL_Terry Fontenot,3.15,JAX_Trent Baalke,2.71
Omarr Norman-Lott,2025,DT,Tennessee,CLE_Andrew Berry,7.3,NO_Mickey Loomis,5.31,ATL_Terry Fontenot,4.32,CIN_Mike Brown,3.4,GB_Brian Gutekunst,3.0
Craig Woodson,2025,S,California,NO_Mickey Loomis,7.27,CLE_Andrew Berry,5.81,JAX_Trent Baalke,3.93,MIN_Kwesi Adofo-Mensah,3.57,GB_Brian Gutekunst,3.55
Princely Umanmielen,2025,ED,Ole Miss,DEN_George Paton,7.24,BUF_Brandon Beane,3.34,NE_Eliot Wolf,3.19,LA_Les Snead,3.1,BAL_Eric DeCosta,2.6
Tyler Booker,2025,G,Alabama,NYG_Joe Schoen,7.23,BUF_Brandon Beane,7.21,CHI_Ryan Poles,5.13,BAL_Eric DeCosta,2.19,ARI_Monti Ossenfort,2.07
Joshua Gray,2025,G,Oregon State,GB_Brian Gutekunst,7.23,TB_Jason Licht,3.79,LA_Les Snead,3.16,CIN_Mike Brown,3.08,DAL_Jerry Jones,2.86
Isaac TeSlaa,2025,WR,Arkansas,WAS_Adam Peters,7.21,PHI_Howie Roseman,5.01,MIA_Chris Grier,3.39,NYJ_Joe Douglas,2.86,CHI_Ryan Poles,2.7
Jared Harrison-Hunte,2025,DT,SMU,ATL_Terry Fontenot,7.19,CIN_Mike Brown,4.76,SEA_John Schneider,3.96,GB_Brian Gutekunst,3.32,PHI_Howie Roseman,3.16
Jamaree Caldwell,2025,DT,Oregon,SEA_John Schneider,7.17,KC_Brett Veach,6.12,SF_John Lynch,3.34,BUF_Brandon Beane,3.0,TEN_Ran Carthon,2.89
Denzel Burke,2025,CB,Ohio State,SEA_John Schneider,7.06,CLE_Andrew Berry,3.93,BAL_Eric DeCosta,3.38,KC_Brett Veach,2.85,LA_Les Snead,2.42
Travis Hunter,2025,CB,Colorado,NYG_Joe Schoen,7.05,ARI_Monti Ossenfort,5.71,BAL_Eric DeCosta,5.27,HOU_Nick Caserio,3.27,DAL_Jerry Jones,2.99
Tommi Hill,2025,CB,Nebraska,TB_Jason Licht,7.04,SF_John Lynch,3.87,NYJ_Joe Douglas,3.84,PHI_Howie Roseman,3.11,KC_Brett Veach,2.97
Mykel Williams,2025,ED,Georgia,HOU_Nick Caserio,7.0,NYJ_Joe Douglas,5.49,CLE_Andrew Berry,3.61,NO_Mickey Loomis,2.85,LAC_Joe Hortiz,2.63
Alijah Clark,2025,S,Syracuse,JAX_Trent Baalke,6.99,KC_Brett Veach,4.76,BAL_Eric DeCosta,3.73,SEA_John Schneider,3.15,CHI_Ryan Poles,2.8
Wyatt Milum,2025,T,West Virginia,MIA_Chris Grier,6.91,BAL_Eric DeCosta,5.32,GB_Brian Gutekunst,4.41,BUF_Brandon Beane,3.13,NYG_Joe Schoen,2.39
Josh Kelly,2025,WR,Texas Tech,BUF_Brandon Beane,6.9,SF_John Lynch,4.41,MIA_Chris Grier,3.66,LA_Les Snead,3.55,SEA_John Schneider,3.42
Dont'e Thornton Jr.,2025,WR,Tennessee,PIT_Omar Khan,6.88,GB_Brian Gutekunst,6.13,JAX_Trent Baalke,5.24,DEN_George Paton,5.24,PHI_Howie Roseman,4.45
Nohl Williams,2025,CB,California,SF_John Lynch,6.88,SEA_John Schneider,6.26,GB_Brian Gutekunst,5.54,CIN_Mike Brown,3.09,NO_Mickey Loomis,2.51
Isaiah Neyor,2025,WR,Nebraska,PHI_Howie Roseman,6.86,IND_Chris Ballard,6.63,NYJ_Joe Douglas,4.7,DAL_Jerry Jones,3.16,JAX_Trent Baalke,2.63
Dylan Fairchild,2025,G,Georgia,TB_Jason Licht,6.84,NYJ_Joe Douglas,5.75,DAL_Jerry Jones,4.84,CIN_Mike Brown,3.29,BAL_Eric DeCosta,2.39
Jackson Slater,2025,G,Sacramento State,SEA_John Schneider,6.81,CIN_Mike Brown,3.91,TB_Jason Licht,3.72,GB_Brian Gutekunst,3.32,DAL_Jerry Jones,3.29
Clay Webb,2025,G,Jacksonville State,DAL_Jerry Jones,6.79,BUF_Brandon Beane,6.05,GB_Brian Gutekunst,5.35,LA_Les Snead,3.65,SEA_John Schneider,3.39
Marcus Mbow,2025,T,Purdue,GB_Brian Gutekunst,6.71,BAL_Eric DeCosta,5.29,CLE_Andrew Berry,4.67,HOU_Nick Caserio,2.95,DEN_George Paton,2.77
Bru McCoy,2025,WR,Tennessee,NYJ_Joe Douglas,6.63,DEN_George Paton,5.05,GB_Brian Gutekunst,3.83,SF_John Lynch,3.6,BAL_Eric DeCosta,3.59
Jackson Woodard,2025,LB,UNLV,NO_Mickey Loomis,6.58,GB_Brian Gutekunst,5.79,PHI_Howie Roseman,4.76,NYJ_Joe Douglas,2.99,ATL_Terry Fontenot,2.99
BJ Adams,2025,CB,UCF,BUF_Brandon Beane,6.57,SF_John Lynch,4.43,KC_Brett Veach,4.11,CHI_Ryan Poles,3.57,JAX_Trent Baalke,3.32
Ajani Cornelius,2025,T,Oregon,CLE_Andrew Berry,6.57,NYJ_Joe Douglas,3.16,GB_Brian Gutekunst,2.69,BAL_Eric DeCosta,2.67,NO_Mickey Loomis,2.35
Jonas Sanker,2025,S,Virginia,NO_Mickey Loomis,6.57,CLE_Andrew Berry,6.16,NYG_Joe Schoen,5.03,MIA_Chris Grier,3.94,GB_Brian Gutekunst,3.22
Jayden Higgins,2025,WR,Iowa State,PIT_Omar Khan,6.52,DEN_George Paton,6.19,IND_Chris Ballard,4.65,JAX_Trent Baalke,3.06,TB_Jason Licht,3.04
Emeka Egbuka,2025,WR,Ohio State,BAL_Eric DeCosta,6.52,DAL_Jerry Jones,5.32,TB_Jason Licht,3.66,SEA_John Schneider,3.44,MIA_Chris Grier,2.8
Jonah Monheim,2025,C,USC,GB_Brian Gutekunst,6.46,BAL_Eric DeCosta,3.87,SF_John Lynch,3.67,CLE_Andrew Berry,3.59,NO_Mickey Loomis,3.06
LeQuint Allen,2025,RB,Syracuse,JAX_Trent Baalke,6.45,GB_Brian Gutekunst,3.05,BAL_Eric DeCosta,2.95,CLE_Andrew Berry,2.91,SF_John Lynch,2.7
Elic Ayomanor,2025,WR,Stanford,IND_Chris Ballard,6.45,CHI_Ryan Poles,3.48,CIN_Mike Brown,3.1,NO_Mickey Loomis,2.98,CAR_Scott Fitterer,2.58
Grey Zabel,2025,T,North Dakota State,DET_Brad Holmes,6.44,NYJ_Joe Douglas,5.25,IND_Chris Ballard,3.39,KC_Brett Veach,3.14,CIN_Mike Brown,2.67
Jared Ivey,2025,ED,Ole Miss,NYJ_Joe Douglas,6.44,CLE_Andrew Berry,3.69,IND_Chris Ballard,3.53,ATL_Terry Fontenot,3.35,BAL_Eric DeCosta,3.17
Andrew Armstrong,2025,WR,Arkansas,GB_Brian Gutekunst,6.43,DEN_George Paton,3.87,CLE_Andrew Berry,3.44,DAL_Jerry Jones,3.07,IND_Chris Ballard,2.66
Mike Green,2025,ED,Marshall,NYJ_Joe Douglas,6.39,ATL_Terry Fontenot,4.27,CAR_Scott Fitterer,4.09,CIN_Mike Brown,3.55,GB_Brian Gutekunst,3.38
Maxen Hook,2025,S,Toledo,BUF_Brandon Beane,6.37,JAX_Trent Baalke,4.09,CLE_Andrew Berry,3.89,SEA_John Schneider,2.75,MIN_Kwesi Adofo-Mensah,2.39
Tyler Warren,2025,TE,Penn State,DET_Brad Holmes,6.35,NYJ_Joe Douglas,4.3,ATL_Terry Fontenot,3.39,IND_Chris Ballard,3.38,GB_Brian Gutekunst,3.29
Trey Amos,2025,CB,Ole Miss,MIA_Chris Grier,6.31,KC_Brett Veach,4.69,CAR_Scott Fitterer,3.27,BAL_Eric DeCosta,2.53,CLE_Andrew Berry,2.52
Payton Page,2025,DT,Clemson,LA_Les Snead,6.27,GB_Brian Gutekunst,4.95,JAX_Trent Baalke,4.02,CIN_Mike Brown,3.38,ATL_Terry Fontenot,3.35
Jimmy Horn Jr.,2025,WR,Colorado,JAX_Trent Baalke,6.27,MIN_Kwesi Adofo-Mensah,5.26,LA_Les Snead,3.56,NYG_Joe Schoen,2.96,CAR_Scott Fitterer,2.72
Matthew Golden,2025,WR,Texas,GB_Brian Gutekunst,6.26,ARI_Monti Ossenfort,3.94,SEA_John Schneider,3.5,LA_Les Snead,3.25,BAL_Eric DeCosta,2.88
Mitchell Evans,2025,TE,Notre Dame,GB_Brian Gutekunst,6.25,NO_Mickey Loomis,6.15,TEN_Ran Carthon,3.71,ATL_Terry Fontenot,3.02,TB_Jason Licht,2.89
Jah Joyner,2025,ED,Minnesota,BAL_Eric DeCosta,6.23,LA_Les Snead,3.82,JAX_Trent Baalke,3.41,GB_Brian Gutekunst,3.14,HOU_Nick Caserio,2.62
Landon Jackson,2025,ED,Arkansas,IND_Chris Ballard,6.22,JAX_Trent Baalke,6.03,BUF_Brandon Beane,5.92,GB_Brian Gutekunst,3.72,KC_Brett Veach,3.54
Tyler Batty,2025,ED,Brigham Young,LA_Les Snead,6.21,BAL_Eric DeCosta,6.09,NO_Mickey Loomis,5.99,PHI_Howie Roseman,3.25,IND_Chris Ballard,3.14
TreVeyon Henderson,2025,RB,Ohio State,MIA_Chris Grier,6.21,KC_Brett Veach,4.24,CIN_Mike Brown,3.38,NYG_Joe Schoen,2.86,PIT_Omar Khan,2.68
Quincy Riley,2025,CB,Louisville,SEA_John Schneider,6.21,TB_Jason Licht,5.11,SF_John Lynch,4.64,BAL_Eric DeCosta,3.22,GB_Brian Gutekunst,3.09
Que Robinson,2025,ED,Alabama,HOU_Nick Caserio,6.18,CAR_Scott Fitterer,5.38,BAL_Eric DeCosta,4.39,DEN_George Paton,3.12,SF_John Lynch,2.8
Dante Trader Jr.,2025,S,Maryland,SF_John Lynch,6.14,CLE_Andrew Berry,5.43,LA_Les Snead,4.03,MIA_Chris Grier,3.65,MIN_Kwesi Adofo-Mensah,3.16
Sean Martin,2025,ED,West Virginia,JAX_Trent Baalke,6.13,LA_Les Snead,5.97,ARI_Monti Ossenfort,3.44,ATL_Terry Fontenot,3.19,BAL_Eric DeCosta,2.74
Will Howard,2025,QB,Ohio State,DEN_George Paton,6.11,GB_Brian Gutekunst,6.04,TB_Jason Licht,3.29,NO_Mickey Loomis,3.26,ATL_Terry Fontenot,3.25
Yahya Black,2025,DT,Iowa,BAL_Eric DeCosta,6.1,CHI_Ryan Poles,6.08,NYG_Joe Schoen,3.43,JAX_Trent Baalke,3.22,KC_Brett Veach,3.21
Nick Nash,2025,WR,San Jose State,GB_Brian Gutekunst,6.1,BUF_Brandon Beane,3.37,CIN_Mike Brown,3.1,SEA_John Schneider,2.96,KC_Brett Veach,2.39
Gunnar Helm,2025,TE,Texas,CHI_Ryan Poles,6.1,DEN_George Paton,3.65,BAL_Eric DeCosta,3.63,GB_Brian Gutekunst,2.74,ATL_Terry Fontenot,2.55
Eugene Asante,2025,LB,Auburn,SF_John Lynch,6.1,GB_Brian Gutekunst,4.23,SEA_John Schneider,3.98,TB_Jason Licht,3.42,PHI_Howie Roseman,2.82
Bilhal Kone,2025,CB,Western Michigan,JAX_Trent Baalke,6.04,KC_Brett Veach,4.87,BAL_Eric DeCosta,3.9,MIN_Kwesi Adofo-Mensah,3.27,BUF_Brandon Beane,2.99
Elijhah Badger,2025,WR,Florida,KC_Brett Veach,6.04,TB_Jason Licht,4.76,GB_Brian Gutekunst,4.01,CLE_Andrew Berry,3.35,DEN_George Paton,2.72
Sai'vion Jones,2025,ED,LSU,CLE_Andrew Berry,6.02,NYJ_Joe Douglas,4.02,ATL_Terry Fontenot,3.67,TEN_Ran Carthon,3.57,BAL_Eric DeCosta,3.54
Phil Mafah,2025,RB,Clemson,LA_Les Snead,6.0,SF_John Lynch,5.09,JAX_Trent Baalke,3.1,NYJ_Joe Douglas,2.98,GB_Brian Gutekunst,2.63
Donovan Jackson,2025,G,Ohio State,KC_Brett Veach,5.98,NYJ_Joe Douglas,4.73,CLE_Andrew Berry,4.22,ATL_Terry Fontenot,2.72,HOU_Nick Caserio,2.2
DeAndre Jules,2025,DT,South Carolina,HOU_Nick Caserio,5.97,MIN_Kwesi Adofo-Mensah,5.75,LA_Les Snead,5.37,CLE_Andrew Berry,4.47,JAX_Trent Baalke,3.52
Cody Lindenberg,2025,LB,Minnesota,GB_Brian Gutekunst,5.97,HOU_Nick Caserio,5.01,DEN_George Paton,4.13,NYJ_Joe Douglas,3.55,CLE_Andrew Berry,3.26
Jack Kiser,2025,LB,Notre Dame,ATL_Terry Fontenot,5.94,SF_John Lynch,5.02,GB_Brian Gutekunst,4.43,CLE_Andrew Berry,3.64,MIN_Kwesi Adofo-Mensah,3.03
Tyrion Ingram-Dawkins,2025,DT,Georgia,PHI_Howie Roseman,5.92,GB_Brian Gutekunst,5.64,LAC_Joe Hortiz,3.4,BUF_Brandon Beane,2.83,CLE_Andrew Berry,2.4
Demetrius Knight Jr.,2025,LB,South Carolina,NO_Mickey Loomis,5.9,SEA_John Schneider,4.59,GB_Brian Gutekunst,3.98,ATL_Terry Fontenot,3.85,LAC_Joe Hortiz,3.14
Jalen Milroe,2025,QB,Alabama,NYJ_Joe Douglas,5.86,TB_Jason Licht,5.28,GB_Brian Gutekunst,4.94,DAL_Jerry Jones,3.88,SEA_John Schneider,3.36
Jared Wilson,2025,C,Georgia,NE_Eliot Wolf,5.84,CIN_Mike Brown,5.44,GB_Brian Gutekunst,5.02,PIT_Omar Khan,5.01,BAL_Eric DeCosta,2.65
Brandon Crenshaw-Dickson,2025,T,Florida,NYG_Joe Schoen,5.84,CHI_Ryan Poles,5.82,BUF_Brandon Beane,5.27,BAL_Eric DeCosta,5.11,MIA_Chris Grier,3.82
Jeremy Crawshaw,2025,P,Florida,HOU_Nick Caserio,5.83,DAL_Jerry Jones,4.36,CHI_Ryan Poles,3.68,SF_John Lynch,3.36,BAL_Eric DeCosta,2.97
Ollie Gordon II,2025,RB,Oklahoma State,SEA_John Schneider,5.82,TB_Jason Licht,5.29,BUF_Brandon Beane,5.2,GB_Brian Gutekunst,3.47,NO_Mickey Loomis,3.06
Jordan Watkins,2025,WR,Ole Miss,PHI_Howie Roseman,5.81,NYG_Joe Schoen,4.22,SF_John Lynch,3.57,JAX_Trent Baalke,3.49,CLE_Andrew Berry,2.9
Da'Quan Felton,2025,WR,Virginia Tech,GB_Brian Gutekunst,5.81,BAL_Eric DeCosta,4.19,NO_Mickey Loomis,3.5,DEN_George Paton,3.17,CHI_Ryan Poles,2.71
Jahdae Barron,2025,CB,Texas,IND_Chris Ballard,5.79,ARI_Monti Ossenfort,4.38,CIN_Mike Brown,3.13,GB_Brian Gutekunst,2.94,NYG_Joe Schoen,2.77
Jack Bech,2025,WR,TCU,NO_Mickey Loomis,5.78,NYJ_Joe Douglas,4.59,TB_Jason Licht,2.39,GB_Brian Gutekunst,2.3,CIN_Mike Brown,2.26
Savion Williams,2025,WR,TCU,GB_Brian Gutekunst,5.78,HOU_Nick Caserio,4.13,CHI_Ryan Poles,3.95,BAL_Eric DeCosta,3.72,SEA_John Schneider,3.44
Jonah Savaiinaea,2025,T,Arizona,PHI_Howie Roseman,5.76,KC_Brett Veach,3.89,HOU_Nick Caserio,3.64,CHI_Ryan Poles,3.55,BAL_Eric DeCosta,2.77
Kaden Prather,2025,WR,Maryland,DEN_George Paton,5.75,GB_Brian Gutekunst,4.7,JAX_Trent Baalke,4.65,SF_John Lynch,3.22,CLE_Andrew Berry,2.62
Justin Walley,2025,CB,Minnesota,CLE_Andrew Berry,5.75,SF_John Lynch,5.35,MIN_Kwesi Adofo-Mensah,4.74,LA_Les Snead,4.74,SEA_John Schneider,3.67
Ashton Gillotte,2025,ED,Louisville,GB_Brian Gutekunst,5.74,IND_Chris Ballard,5.58,NO_Mickey Loomis,5.38,ARI_Monti Ossenfort,4.06,NYJ_Joe Douglas,3.4
Francisco Mauigoa,2025,LB,Miami (FL),GB_Brian Gutekunst,5.73,BUF_Brandon Beane,4.0,NO_Mickey Loomis,3.58,ATL_Terry Fontenot,2.93,CLE_Andrew Berry,2.74
Zah Frazier,2025,CB,UTSA,JAX_Trent Baalke,5.71,DEN_George Paton,4.59,MIN_Kwesi Adofo-Mensah,3.75,IND_Chris Ballard,3.4,GB_Brian Gutekunst,3.02
Smael Mondon Jr.,2025,LB,Georgia,GB_Brian Gutekunst,5.7,IND_Chris Ballard,4.12,NYJ_Joe Douglas,3.21,TB_Jason Licht,3.21,BUF_Brandon Beane,2.73
Nazir Stackhouse,2025,DT,Georgia,GB_Brian Gutekunst,5.68,HOU_Nick Caserio,4.95,KC_Brett Veach,4.56,LA_Les Snead,4.48,JAX_Trent Baalke,3.46
Tai Felton,2025,WR,Maryland,TB_Jason Licht,5.68,ARI_Monti Ossenfort,3.79,BAL_Eric DeCosta,3.55,GB_Brian Gutekunst,3.43,PHI_Howie Roseman,3.02
Xavier Truss,2025,G,Georgia,LA_Les Snead,5.67,JAX_Trent Baalke,3.95,BUF_Brandon Beane,3.44,HOU_Nick Caserio,3.31,BAL_Eric DeCosta,3.08
Caleb Ransaw,2025,CB,Tulane,JAX_Trent Baalke,5.6,IND_Chris Ballard,4.09,SF_John Lynch,3.93,NYG_Joe Schoen,3.45,PHI_Howie Roseman,3.23
Jordan Hancock,2025,CB,Ohio State,LA_Les Snead,5.59,SF_John Lynch,5.26,CLE_Andrew Berry,4.28,JAX_Trent Baalke,2.75,MIN_Kwesi Adofo-Mensah,2.63
Brant Kuithe,2025,TE,Utah,DAL_Jerry Jones,5.59,NYJ_Joe Douglas,5.02,GB_Brian Gutekunst,4.58,DEN_George Paton,4.2,ATL_Terry Fontenot,3.51
Luke Kandra,2025,G,Cincinnati,TB_Jason Licht,5.58,GB_Brian Gutekunst,5.14,DAL_Jerry Jones,4.21,BAL_Eric DeCosta,3.93,LV_Tom Telesco,2.93
Chase Lundt,2025,T,Connecticut,BAL_Eric DeCosta,5.56,SF_John Lynch,4.75,GB_Brian Gutekunst,4.21,MIA_Chris Grier,2.85,ARI_Monti Ossenfort,2.84
Walter Nolen,2025,DT,Ole Miss,DEN_George Paton,5.56,HOU_Nick Caserio,4.87,CLE_Andrew Berry,3.19,ATL_Terry Fontenot,3.17,GB_Brian Gutekunst,2.85
Omarion Hampton,2025,RB,North Carolina,IND_Chris Ballard,5.55,GB_Brian Gutekunst,4.59,MIA_Chris Grier,3.95,KC_Brett Veach,3.65,ATL_Terry Fontenot,3.37
Jarquez Hunter,2025,RB,Auburn,TB_Jason Licht,5.55,LA_Les Snead,5.54,NO_Mickey Loomis,5.53,GB_Brian Gutekunst,4.3,SEA_John Schneider,3.62
Cam Jackson,2025,DT,Florida,BAL_Eric DeCosta,5.54,TEN_Ran Carthon,4.97,CHI_Ryan Poles,4.89,KC_Brett Veach,3.87,SEA_John Schneider,3.04
Howard Cross III,2025,DT,Notre Dame,ATL_Terry Fontenot,5.52,GB_Brian Gutekunst,5.24,CLE_Andrew Berry,2.96,CIN_Mike Brown,2.68,SF_John Lynch,2.64
Nic Scourton,2025,ED,Texas A&M,HOU_Nick Caserio,5.5,TB_Jason Licht,4.6,DEN_George Paton,3.95,CLE_Andrew Berry,3.51,LAC_Joe Hortiz,3.32
Azareye'h Thomas,2025,CB,Florida State,KC_Brett Veach,5.49,DEN_George Paton,3.63,DAL_Jerry Jones,3.11,CIN_Mike Brown,2.9,TB_Jason Licht,2.67
Torricelli Simpkins III,2025,G,South Carolina,GB_Brian Gutekunst,5.49,BUF_Brandon Beane,3.84,JAX_Trent Baalke,3.83,LA_Les Snead,3.66,BAL_Eric DeCosta,3.12
Isas Waxter,2025,CB,Villanova,BUF_Brandon Beane,5.49,NYJ_Joe Douglas,4.4,GB_Brian Gutekunst,3.56,CLE_Andrew Berry,3.48,NE_Eliot Wolf,3.26
Josh Conerly Jr.,2025,T,Oregon,SEA_John Schneider,5.48,PIT_Omar Khan,4.71,CHI_Ryan Poles,3.03,GB_Brian Gutekunst,2.94,CIN_Mike Brown,2.77
Tre Harris,2025,WR,Ole Miss,BUF_Brandon Beane,5.46,DET_Brad Holmes,4.13,CAR_Scott Fitterer,3.48,CLE_Andrew Berry,3.37,NE_Eliot Wolf,3.07
Ashton Jeanty,2025,RB,Boise State,ARI_Monti Ossenfort,5.45,PHI_Howie Roseman,4.93,NYG_Joe Schoen,4.83,BAL_Eric DeCosta,3.21,MIN_Kwesi Adofo-Mensah,2.64
Jacob Parrish,2025,CB,Kansas State,IND_Chris Ballard,5.45,SF_John Lynch,4.19,ARI_Monti Ossenfort,3.96,CAR_Scott Fitterer,3.42,TB_Jason Licht,3.23
Chimere Dike,2025,WR,Florida,IND_Chris Ballard,5.44,DEN_George Paton,5.11,JAX_Trent Baalke,4.23,PHI_Howie Roseman,2.63,MIA_Chris Grier,2.41
Aeneas Peebles,2025,DT,Virginia Tech,LA_Les Snead,5.44,SF_John Lynch,4.39,SEA_John Schneider,3.66,ATL_Terry Fontenot,3.41,JAX_Trent Baalke,3.26
Kurtis Rourke,2025,QB,Indiana,GB_Brian Gutekunst,5.43,SF_John Lynch,5.3,NO_Mickey Loomis,3.9,ATL_Terry Fontenot,3.54,CLE_Andrew Berry,3.54
Quinshon Judkins,2025,RB,Ohio State,DET_Brad Holmes,5.41,GB_Brian Gutekunst,4.92,CAR_Scott Fitterer,4.56,JAX_Trent Baalke,4.52,MIA_Chris Grier,4.03
Dorian Strong,2025,CB,Virginia Tech,BAL_Eric DeCosta,5.4,CAR_Scott Fitterer,4.35,KC_Brett Veach,4.27,CLE_Andrew Berry,3.24,MIN_Kwesi Adofo-Mensah,3.12
Josaiah Stewart,2025,ED,Michigan,DEN_George Paton,5.4,TB_Jason Licht,4.15,NYJ_Joe Douglas,3.4,HOU_Nick Caserio,2.42,ATL_Terry Fontenot,2.27
Jahvaree Ritzie,2025,DT,North Carolina,PHI_Howie Roseman,5.4,GB_Brian Gutekunst,3.35,TB_Jason Licht,3.23,CIN_Mike Brown,2.46,MIN_Kwesi Adofo-Mensah,2.46
Kelvin Banks Jr.,2025,T,Texas,NO_Mickey Loomis,5.39,JAX_Trent Baalke,3.92,BAL_Eric DeCosta,3.74,PIT_Omar Khan,3.24,CLE_Andrew Berry,2.63
Jaylin Smith,2025,CB,USC,SF_John Lynch,5.37,LA_Les Snead,3.95,CLE_Andrew Berry,2.95,BAL_Eric DeCosta,2.62,JAX_Trent Baalke,2.21
Charles Grant,2025,T,William & Mary,DAL_Jerry Jones,5.35,NYJ_Joe Douglas,4.61,BAL_Eric DeCosta,2.42,KC_Brett Veach,2.37,CIN_Mike Brown,2.19
Jalon Walker,2025,LB,Georgia,GB_Brian Gutekunst,5.31,CAR_Scott Fitterer,4.81,NYJ_Joe Douglas,3.52,PHI_Howie Roseman,2.85,LAC_Joe Hortiz,2.28
Tonka Hemingway,2025,DT,South Carolina,PHI_Howie Roseman,5.31,GB_Brian Gutekunst,4.27,ATL_Terry Fontenot,3.86,MIN_Kwesi Adofo-Mensah,2.81,HOU_Nick Caserio,2.52
Will Johnson,2025,CB,Michigan,BAL_Eric DeCosta,5.31,GB_Brian Gutekunst,4.23,SEA_John Schneider,2.59,ARI_Monti Ossenfort,2.5,DAL_Jerry Jones,2.39
Barrett Carter,2025,LB,Clemson,NYJ_Joe Douglas,5.27,HOU_Nick Caserio,4.46,SEA_John Schneider,4.31,CIN_Mike Brown,3.1,NO_Mickey Loomis,2.72
Thomas Fidone II,2025,TE,Nebraska,IND_Chris Ballard,5.25,GB_Brian Gutekunst,4.53,NO_Mickey Loomis,4.42,PHI_Howie Roseman,4.07,CLE_Andrew Berry,3.33
Dylan Sampson,2025,RB,Tennessee,GB_Brian Gutekunst,5.17,ARI_Monti Ossenfort,3.89,TB_Jason Licht,3.72,SEA_John Schneider,3.54,NO_Mickey Loomis,2.59
Eric Gregory,2025,DT,Arkansas,LA_Les Snead,5.16,SEA_John Schneider,4.02,ARI_Monti Ossenfort,3.3,ATL_Terry Fontenot,2.33,BAL_Eric DeCosta,2.28
Ahmed Hassanein,2025,ED,Boise State,GB_Brian Gutekunst,5.14,CIN_Mike Brown,4.32,ARI_Monti Ossenfort,3.8,NO_Mickey Loomis,3.36,ATL_Terry Fontenot,3.16
Zy Alexander,2025,CB,LSU,TEN_Ran Carthon,5.14,BAL_Eric DeCosta,4.55,KC_Brett Veach,4.46,CHI_Ryan Poles,3.05,SEA_John Schneider,2.77
Gavin Bartholomew,2025,TE,Pittsburgh,GB_Brian Gutekunst,5.12,LA_Les Snead,4.16,SF_John Lynch,3.53,BAL_Eric DeCosta,2.86,ATL_Terry Fontenot,2.75
Jake Majors,2025,C,Texas,MIN_Kwesi Adofo-Mensah,5.11,GB_Brian Gutekunst,3.67,BAL_Eric DeCosta,2.95,SF_John Lynch,2.7,ATL_Terry Fontenot,2.5
Trevor Etienne,2025,RB,Georgia,ARI_Monti Ossenfort,5.09,JAX_Trent Baalke,5.04,BAL_Eric DeCosta,3.06,PHI_Howie Roseman,3.06,KC_Brett Veach,3.01
Tommy Akingbesote,2025,DT,Maryland,SEA_John Schneider,5.08,JAX_Trent Baalke,4.45,LA_Les Snead,3.54,HOU_Nick Caserio,3.49,TEN_Ran Carthon,2.44
Dillon Gabriel,2025,QB,Oregon,NO_Mickey Loomis,5.08,TB_Jason Licht,4.72,GB_Brian Gutekunst,4.45,KC_Brett Veach,3.48,LA_Les Snead,2.97
Garrett Dellinger,2025,G,LSU,TB_Jason Licht,5.07,GB_Brian Gutekunst,4.85,BAL_Eric DeCosta,4.69,ATL_Terry Fontenot,3.35,DET_Brad Holmes,2.96
RJ Harvey,2025,RB,UCF,TB_Jason Licht,5.07,CAR_Scott Fitterer,3.53,IND_Chris Ballard,3.19,NYG_Joe Schoen,3.01,GB_Brian Gutekunst,2.82
Jason Marshall Jr.,2025,CB,Florida,JAX_Trent Baalke,5.06,NYG_Joe Schoen,3.44,MIN_Kwesi Adofo-Mensah,3.31,DET_Brad Holmes,3.19,SEA_John Schneider,3.1
Bam Martin-Scott,2025,LB,South Carolina,BUF_Brandon Beane,5.06,JAX_Trent Baalke,5.0,GB_Brian Gutekunst,4.63,BAL_Eric DeCosta,2.98,DEN_George Paton,2.34
Deone Walker,2025,DT,Kentucky,TEN_Ran Carthon,5.05,KC_Brett Veach,4.47,CLE_Andrew Berry,3.57,BAL_Eric DeCosta,3.43,TB_Jason Licht,3.07
Rayuan Lane III,2025,S,Navy,JAX_Trent Baalke,5.02,BUF_Brandon Beane,4.87,LA_Les Snead,4.62,NYG_Joe Schoen,3.5,GB_Brian Gutekunst,3.22
Woody Marks,2025,RB,USC,BUF_Brandon Beane,5.0,CLE_Andrew Berry,4.45,BAL_Eric DeCosta,2.59,GB_Brian Gutekunst,2.35,KC_Brett Veach,2.28
Darius Alexander,2025,DT,Toledo,NO_Mickey Loomis,5.0,CIN_Mike Brown,3.37,LA_Les Snead,3.34,DAL_Jerry Jones,3.22,CHI_Ryan Poles,2.56
Kobe King,2025,LB,Penn State,GB_Brian Gutekunst,4.99,KC_Brett Veach,4.01,NYJ_Joe Douglas,3.82,CLE_Andrew Berry,3.74,ATL_Terry Fontenot,3.21
John Williams,2025,T,Cincinnati,ARI_Monti Ossenfort,4.99,MIN_Kwesi Adofo-Mensah,4.88,NO_Mickey Loomis,4.88,LV_Tom Telesco,3.42,NYG_Joe Schoen,3.41
Mason Taylor,2025,TE,LSU,GB_Brian Gutekunst,4.98,NYJ_Joe Douglas,3.51,BAL_Eric DeCosta,2.81,DEN_George Paton,2.78,ATL_Terry Fontenot,2.73
Bradyn Swinson,2025,ED,LSU,HOU_Nick Caserio,4.92,CLE_Andrew Berry,4.73,ATL_Terry Fontenot,3.48,GB_Brian Gutekunst,2.94,KC_Brett Veach,2.71
Joshua Simon,2025,TE,South Carolina,BUF_Brandon Beane,4.92,LAC_Joe Hortiz,4.52,DEN_George Paton,4.18,DAL_Jerry Jones,4.04,LA_Les Snead,2.76
Benjamin Morrison,2025,CB,Notre Dame,BAL_Eric DeCosta,4.92,SEA_John Schneider,4.83,PHI_Howie Roseman,3.01,CIN_Mike Brown,3.0,GB_Brian Gutekunst,2.91
Billy Bowman Jr.,2025,S,Oklahoma,BAL_Eric DeCosta,4.91,ARI_Monti Ossenfort,4.51,KC_Brett Veach,2.9,CLE_Andrew Berry,2.79,GB_Brian Gutekunst,2.67
Malik Verdon,2025,S,Iowa State,MIN_Kwesi Adofo-Mensah,4.89,HOU_Nick Caserio,4.8,SF_John Lynch,4.29,GB_Brian Gutekunst,4.22,DEN_George Paton,3.9
Harold Fannin Jr.,2025,TE,Bowling Green,IND_Chris Ballard,4.88,NO_Mickey Loomis,4.42,KC_Brett Veach,3.84,GB_Brian Gutekunst,3.62,PIT_Omar Khan,3.14
Hunter Wohler,2025,S,Wisconsin,GB_Brian Gutekunst,4.88,IND_Chris Ballard,4.5,BUF_Brandon Beane,4.43,PHI_Howie Roseman,4.33,CLE_Andrew Berry,3.75
Abdul Carter,2025,ED,Penn State,ATL_Terry Fontenot,4.88,NYG_Joe Schoen,4.36,BAL_Eric DeCosta,3.89,HOU_Nick Caserio,2.74,ARI_Monti Ossenfort,2.48
Kitan Crawford,2025,S,Nevada,NYG_Joe Schoen,4.87,MIN_Kwesi Adofo-Mensah,4.66,PHI_Howie Roseman,3.69,JAX_Trent Baalke,3.66,ARI_Monti Ossenfort,3.51
David Walker,2025,ED,Central Arkansas,BUF_Brandon Beane,4.87,LA_Les Snead,4.42,NO_Mickey Loomis,4.38,GB_Brian Gutekunst,3.86,NYJ_Joe Douglas,3.55
T.J. Sanders,2025,DT,South Carolina,ATL_Terry Fontenot,4.87,HOU_Nick Caserio,3.72,CLE_Andrew Berry,3.61,DEN_George Paton,2.93,TB_Jason Licht,2.34
Moliki Matavao,2025,TE,UCLA,GB_Brian Gutekunst,4.86,TEN_Ran Carthon,4.56,JAX_Trent Baalke,3.63,BAL_Eric DeCosta,3.32,TB_Jason Licht,2.5
Antwane Wells Jr.,2025,WR,Ole Miss,JAX_Trent Baalke,4.85,BUF_Brandon Beane,4.01,GB_Brian Gutekunst,3.09,DAL_Jerry Jones,3.0,SF_John Lynch,2.38
O'Donnell Fortune,2025,CB,South Carolina,SF_John Lynch,4.85,BAL_Eric DeCosta,4.09,JAX_Trent Baalke,3.71,MIN_Kwesi Adofo-Mensah,3.28,KC_Brett Veach,3.08
Seth Henigan,2025,QB,Memphis,ATL_Terry Fontenot,4.84,SF_John Lynch,4.3,GB_Brian Gutekunst,4.15,CHI_Ryan Poles,3.04,HOU_Nick Caserio,2.21
Alijah Huzzie,2025,CB,North Carolina,SF_John Lynch,4.82,JAX_Trent Baalke,4.69,LA_Les Snead,3.85,CAR_Scott Fitterer,3.1,MIN_Kwesi Adofo-Mensah,3.02
Jack Sawyer,2025,ED,Ohio State,GB_Brian Gutekunst,4.81,NYJ_Joe Douglas,3.64,TB_Jason Licht,3.6,BAL_Eric DeCosta,2.74,DEN_George Paton,2.47
Jabbar Muhammad,2025,CB,Oregon,LA_Les Snead,4.79,CLE_Andrew Berry,4.02,BAL_Eric DeCosta,3.94,SF_John Lynch,3.41,MIA_Chris Grier,3.4
Emery Jones Jr.,2025,T,LSU,CLE_Andrew Berry,4.78,NYJ_Joe Douglas,4.31,PHI_Howie Roseman,4.08,JAX_Trent Baalke,3.58,LAC_Joe Hortiz,2.79
Oluwafemi Oladejo,2025,ED,UCLA,IND_Chris Ballard,4.78,NO_Mickey Loomis,4.7,CLE_Andrew Berry,3.08,KC_Brett Veach,2.74,NYJ_Joe Douglas,2.51
Cam Skattebo,2025,RB,Arizona State,DEN_George Paton,4.73,NYG_Joe Schoen,4.47,NYJ_Joe Douglas,4.39,GB_Brian Gutekunst,3.85,CAR_Scott Fitterer,3.55
Tyler Shough,2025,QB,Louisville,LA_Les Snead,4.72,GB_Brian Gutekunst,4.39,NO_Mickey Loomis,3.98,CHI_Ryan Poles,3.65,TEN_Ran Carthon,3.38
Vernon Broughton,2025,DT,Texas,MIN_Kwesi Adofo-Mensah,4.71,NYJ_Joe Douglas,4.3,CLE_Andrew Berry,4.03,PHI_Howie Roseman,3.38,BAL_Eric DeCosta,3.23
Kaimon Rucker,2025,ED,North Carolina,GB_Brian Gutekunst,4.7,ATL_Terry Fontenot,4.01,TB_Jason Licht,3.44,NYJ_Joe Douglas,3.35,LA_Les Snead,2.61
Sam Brown Jr.,2025,WR,Miami (FL),PHI_Howie Roseman,4.7,GB_Brian Gutekunst,4.12,NYG_Joe Schoen,2.97,IND_Chris Ballard,2.96,LA_Les Snead,2.91
Mac McWilliams,2025,CB,UCF,CLE_Andrew Berry,4.65,SEA_John Schneider,4.32,BAL_Eric DeCosta,4.16,SF_John Lynch,3.54,JAX_Trent Baalke,3.07
Aireontae Ersery,2025,T,Minnesota,KC_Brett Veach,4.6,GB_Brian Gutekunst,3.99,BAL_Eric DeCosta,3.51,CIN_Mike Brown,3.22,LAC_Joe Hortiz,3.06
Donovan Edwards,2025,RB,Michigan,LA_Les Snead,4.58,NYG_Joe Schoen,3.99,JAX_Trent Baalke,3.76,PHI_Howie Roseman,3.38,CIN_Mike Brown,2.66
Tim Smith,2025,DT,Alabama,CLE_Andrew Berry,4.55,BAL_Eric DeCosta,4.31,HOU_Nick Caserio,4.17,MIN_Kwesi Adofo-Mensah,4.0,LA_Les Snead,3.47
Kyle Monangai,2025,RB,Rutgers,TB_Jason Licht,4.55,SF_John Lynch,3.81,JAX_Trent Baalke,3.36,GB_Brian Gutekunst,2.96,BUF_Brandon Beane,2.8
Andres Borregales,2025,K,Miami (FL),SF_John Lynch,4.52,JAX_Trent Baalke,3.26,CHI_Ryan Poles,3.16,LA_Les Snead,3.07,BAL_Eric DeCosta,2.96
Lathan Ransom,2025,S,Ohio State,NO_Mickey Loomis,4.46,CLE_Andrew Berry,3.3,PHI_Howie Roseman,3.04,CIN_Mike Brown,2.97,GB_Brian Gutekunst,2.96
Ben Sauls,2025,K,Pittsburgh,JAX_Trent Baalke,4.43,BAL_Eric DeCosta,3.56,MIN_Kwesi Adofo-Mensah,3.55,CHI_Ryan Poles,3.2,LA_Les Snead,2.52
Dominic Lovett,2025,WR,Georgia,SF_John Lynch,4.39,ARI_Monti Ossenfort,4.02,CLE_Andrew Berry,3.25,NO_Mickey Loomis,3.14,BAL_Eric DeCosta,2.92
Cam Horsley,2025,DT,Boston College,JAX_Trent Baalke,4.32,CLE_Andrew Berry,3.24,HOU_Nick Caserio,3.21,GB_Brian Gutekunst,3.06,BAL_Eric DeCosta,2.82
Jamon Dumas-Johnson,2025,LB,Kentucky,CAR_Scott Fitterer,4.31,GB_Brian Gutekunst,4.14,CLE_Andrew Berry,3.75,SF_John Lynch,3.23,NYJ_Joe Douglas,3.04
Mason Graham,2025,DT,Michigan,ATL_Terry Fontenot,4.3,NYG_Joe Schoen,3.1,GB_Brian Gutekunst,2.78,NYJ_Joe Douglas,2.47,IND_Chris Ballard,2.22
Shemar James,2025,LB,Florida,BUF_Brandon Beane,4.29,JAX_Trent Baalke,4.14,SF_John Lynch,4.01,MIA_Chris Grier,3.72,LA_Les Snead,3.03
Graham Mertz,2025,QB,Florida,GB_Brian Gutekunst,4.27,PHI_Howie Roseman,3.66,DET_Brad Holmes,3.39,NYJ_Joe Douglas,3.37,DEN_George Paton,3.36
Carson Schwesinger,2025,LB,UCLA,NO_Mickey Loomis,4.26,KC_Brett Veach,3.87,GB_Brian Gutekunst,2.86,MIA_Chris Grier,2.83,DEN_George Paton,2.56
Steve Linton,2025,ED,Baylor,CAR_Scott Fitterer,4.24,MIA_Chris Grier,4.04,JAX_Trent Baalke,2.57,DAL_Jerry Jones,2.57,DEN_George Paton,2.23
Mello Dotson,2025,CB,Kansas,BUF_Brandon Beane,4.24,SEA_John Schneider,3.63,GB_Brian Gutekunst,3.49,KC_Brett Veach,3.22,ARI_Monti Ossenfort,3.01
Jihaad Campbell,2025,LB,Alabama,GB_Brian Gutekunst,4.24,PIT_Omar Khan,3.64,IND_Chris Ballard,3.31,JAX_Trent Baalke,3.1,CAR_Scott Fitterer,2.85
Quinn Ewers,2025,QB,Texas,HOU_Nick Caserio,4.2,ATL_Terry Fontenot,3.65,GB_Brian Gutekunst,3.61,CLE_Andrew Berry,3.31,NO_Mickey Loomis,3.19
Junior Tafuna,2025,DT,Utah,ARI_Monti Ossenfort,4.19,LA_Les Snead,4.19,GB_Brian Gutekunst,3.96,SEA_John Schneider,2.7,JAX_Trent Baalke,2.67
Ja'Corey Brooks,2025,WR,Louisville,GB_Brian Gutekunst,4.18,BAL_Eric DeCosta,3.77,KC_Brett Veach,3.67,SF_John Lynch,3.45,DEN_George Paton,2.75
Kalel Mullings,2025,RB,Michigan,JAX_Trent Baalke,4.18,NYJ_Joe Douglas,4.06,GB_Brian Gutekunst,3.99,CAR_Scott Fitterer,3.72,CLE_Andrew Berry,3.49
Jalen McLeod,2025,LB,Auburn,CAR_Scott Fitterer,4.15,GB_Brian Gutekunst,3.99,CLE_Andrew Berry,3.9,MIN_Kwesi Adofo-Mensah,3.65,DEN_George Paton,3.32
Cameron Williams,2025,T,Texas,CLE_Andrew Berry,4.11,HOU_Nick Caserio,3.64,NYJ_Joe Douglas,3.27,BAL_Eric DeCosta,3.16,TEN_Ran Carthon,2.81
Maxwell Hairston,2025,CB,Kentucky,MIA_Chris Grier,4.08,CIN_Mike Brown,3.31,JAX_Trent Baalke,2.67,IND_Chris Ballard,2.6,KC_Brett Veach,2.58
Tyler Loop,2025,K,Arizona,JAX_Trent Baalke,4.02,BAL_Eric DeCosta,3.49,CHI_Ryan Poles,3.18,MIN_Kwesi Adofo-Mensah,3.15,SF_John Lynch,2.87
Xavier Restrepo,2025,WR,Miami (FL),GB_Brian Gutekunst,3.98,HOU_Nick Caserio,3.15,TB_Jason Licht,3.04,SEA_John Schneider,2.94,BAL_Eric DeCosta,2.44
Jermari Harris,2025,CB,Iowa,SF_John Lynch,3.98,JAX_Trent Baalke,3.33,KC_Brett Veach,2.89,GB_Brian Gutekunst,2.72,BAL_Eric DeCosta,2.42
Traeshon Holden,2025,WR,Oregon,BUF_Brandon Beane,3.94,GB_Brian Gutekunst,3.57,JAX_Trent Baalke,3.18,CHI_Ryan Poles,2.93,KC_Brett Veach,2.63
Derrick Harmon,2025,DT,Oregon,CHI_Ryan Poles,3.9,HOU_Nick Caserio,3.53,CIN_Mike Brown,3.52,CLE_Andrew Berry,3.33,SEA_John Schneider,3.26
Carson Bruener,2025,LB,Washington,BUF_Brandon Beane,3.9,CLE_Andrew Berry,3.53,GB_Brian Gutekunst,3.33,NO_Mickey Loomis,2.97,TB_Jason Licht,2.57
Donovan Ezeiruaku,2025,ED,Boston College,IND_Chris Ballard,3.88,DEN_George Paton,3.77,DET_Brad Holmes,3.68,NYJ_Joe Douglas,2.91,CAR_Scott Fitterer,2.87
Malaki Starks,2025,S,Georgia,SEA_John Schneider,3.84,KC_Brett Veach,2.97,HOU_Nick Caserio,2.93,BAL_Eric DeCosta,2.74,BUF_Brandon Beane,2.41
Fadil Diggs,2025,ED,Syracuse,GB_Brian Gutekunst,3.81,JAX_Trent Baalke,3.64,CLE_Andrew Berry,3.56,ATL_Terry Fontenot,3.26,BUF_Brandon Beane,2.93
Roc Taylor,2025,WR,Memphis,JAX_Trent Baalke,3.8,CLE_Andrew Berry,3.68,GB_Brian Gutekunst,3.63,MIN_Kwesi Adofo-Mensah,2.93,CHI_Ryan Poles,2.79
Upton Stout,2025,CB,Western Kentucky,MIN_Kwesi Adofo-Mensah,3.72,JAX_Trent Baalke,3.27,NYG_Joe Schoen,2.91,MIA_Chris Grier,2.84,CAR_Scott Fitterer,2.7
Ja'Quinden Jackson,2025,RB,Arkansas,LA_Les Snead,3.68,HOU_Nick Caserio,2.87,SF_John Lynch,2.74,NYJ_Joe Douglas,2.57,CAR_Scott Fitterer,2.44
Jeffrey Bassa,2025,LB,Oregon,ARI_Monti Ossenfort,3.68,NYJ_Joe Douglas,3.36,LA_Les Snead,3.22,BUF_Brandon Beane,2.77,NO_Mickey Loomis,2.46
Kenneth Grant,2025,DT,Michigan,CLE_Andrew Berry,3.66,KC_Brett Veach,2.95,LAC_Joe Hortiz,2.94,NYJ_Joe Douglas,2.79,HOU_Nick Caserio,2.51
Shedeur Sanders,2025,QB,Colorado,CAR_Scott Fitterer,3.58,HOU_Nick Caserio,3.32,DEN_George Paton,2.38,MIA_Chris Grier,2.35,CLE_Andrew Berry,2.35
Tyleik Williams,2025,DT,Ohio State,KC_Brett Veach,3.5,GB_Brian Gutekunst,3.31,CLE_Andrew Berry,2.5,DEN_George Paton,2.47,NYJ_Joe Douglas,2.26
Ryan Fitzgerald,2025,K,Florida State,MIN_Kwesi Adofo-Mensah,3.42,JAX_Trent Baalke,3.36,CHI_Ryan Poles,3.26,BAL_Eric DeCosta,3.1,SF_John Lynch,2.81
Xavier Watts,2025,S,Notre Dame,TB_Jason Licht,3.38,SEA_John Schneider,2.9,HOU_Nick Caserio,2.78,NYJ_Joe Douglas,2.73,CIN_Mike Brown,2.51
Tez Johnson,2025,WR,Oregon,TB_Jason Licht,3.24,DET_Brad Holmes,3.12,MIA_Chris Grier,3.02,CIN_Mike Brown,2.89,GB_Brian Gutekunst,2.78
Tetairoa McMillan,2025,WR,Arizona,DAL_Jerry Jones,3.17,GB_Brian Gutekunst,3.11,DEN_George Paton,3.09,NYJ_Joe Douglas,3.03,HOU_Nick Caserio,2.76
JT Tuimoloau,2025,ED,Ohio State,CAR_Scott Fitterer,2.85,DET_Brad Holmes,2.57,NYJ_Joe Douglas,2.53,BAL_Eric DeCosta,2.47,DAL_Jerry Jones,2.45
